name,tempo
The Mediterranean Breeze-Okan Ersan.mp4,150
Sirens-Rag'n'Bone Man.mp4,160
Since I've Been Loving You - Remaster-Led Zeppelin.mp4,120
Battle Against Time-Wintersun.mp4,112
Sacral Nirvana-Oliver Shanti & Friends.mp4,95
Leave My Home-FKJ.mp4,79
Lateralus-TOOL.mp4,116
Burn Away-Nathan Gray.mp4,145
Atoma-Dark Tranquillity.mp4,150
Baby-Four Tet.mp4,127
Angel-Sarah McLachlan.mp4,77
Live Forever - Remastered-Oasis.mp4,181
Time-Pink Floyd.mp4,135
The Man-Patto.mp4,73
Dust-Hans Zimmer.mp4,94
Then Came the Last Days of May-Blue Öyster Cult.mp4,151
Iridescent-Linkin Park.mp4,120
Faded-Alan Walker.mp4,180
Burn the Witch-Radiohead.mp4,148
"Close to the Edge (i. The Solid Time of Change, ii. Total Mass Retain, iii. I Get up I Get Down, iv. Seasons of Man) - 2003 Remaster-Yes.mp4",174
Answer-ATEEZ.mp4,98
Los toros en la Wii - Fantástico-Love of Lesbian.mp4,103
L'agriculteur-Ridan.mp4,131
Train in Vain (Stand by Me) - Remastered-The Clash.mp4,123
Arkadaş-Melike Demirağ.mp4,48
Fine Line-Harry Styles.mp4,121
Jigsaw Falling Into Place-Radiohead.mp4,164
Perfect Duet (Ed Sheeran & Beyoncé)-Ed Sheeran.mp4,191
A Midnight Autumn's Dream-Labyrinth.mp4,130
ANKOKUBUTOUKAI-Dragon Guardian.mp4,131
Teardrops-Bring Me The Horizon.mp4,96
Counting Stars (Originally Performed by One Republic) [Karaoke Version]-Un Plugged Nation.mp4,122
Scene Seven: I. The Dance of Eternity-Dream Theater.mp4,121
Alison-Slowdive.mp4,101
Summer 78 (1)-Yann Tiersen.mp4,108
Bittersweet-Within Temptation.mp4,107
From the Inside-Linkin Park.mp4,127
Nebijok - Aš Su Tavim-Džordana Butkutė.mp4,89
Suicidal Thoughts-Josh A.mp4,70
"Tchaikovsky Canzonetta, del Concierto para violín op. 35-Pyotr Ilyich Tchaikovsky.mp4",63
Stairway to Heaven - Remaster-Led Zeppelin.mp4,96
Fields & Fences-Yellowcard.mp4,110
Daughter - Remastered-Pearl Jam.mp4,97
Wuthering Heights-Kate Bush.mp4,125
感同身受-Yoga Lin.mp4,83
Yol Arkadaşım-Sezen Aksu.mp4,157
I'm So Excited-The Pointer Sisters.mp4,184
Meravigliosa creatura-Gianna Nannini.mp4,67
Shona-Jake Chudnow.mp4,128
Otras Dos-Selecta.mp4,100
"Symphony No. 1 in D Minor, ""The Gothic"": Part 1: I Allegro assai: section 1-Havergal Brian.mp4",123
The Decline-NOFX.mp4,200
Ropa Cara-Camilo.mp4,170
Gingerbread Coffin-Rasputina.mp4,160
El Lugar-Alejandro Balbis.mp4,120
Car Radio-Twenty One Pilots.mp4,130
Le Ciel N'a Pas Mémoire-Stéphane Horeczko.mp4,100
El Triste-José José.mp4,150
Blessed With A Curse-Bring Me The Horizon.mp4,130
Morningstar-Baroness.mp4,118
I'll Be Missing You (feat. 112) - Instrumental-P. Diddy & Faith Evans (Featuring 112).mp4,110
Geceler Yangın (Virane)-Kıvırcık Ali Özütemiz.mp4,107
Never Gonna Love Again-Lykke Li.mp4,73
"The Four Seasons, Violin Concerto in E Major, RV 269 ""La primavera"": II. Largo-Antonio Vivaldi.mp4",84
Hallelujah-Leonard Cohen.mp4,170
Кувшин-Мельница.mp4,94
Space Dementia-Muse.mp4,85
Supermassive Black Hole-Muse.mp4,120
Smack My Bitch Up-The Prodigy.mp4,136
The Chain - 2004 Remaster-Fleetwood Mac.mp4,151
Päästä varpaisiin-BEHM.mp4,90
All About Your Heart-Mindy Gledhill.mp4,94
Elle viendra quand même-Orelsan.mp4,89
Wings-Birdy.mp4,83
Clocks-Coldplay.mp4,131
The Necromancer-Carach Angren.mp4,100
El Mañana-Gorillaz.mp4,132
Stomp Me Out-Bryce Fox.mp4,150
Au pays des sapins géants-Les Cowboys Fringants.mp4,136
Marquee Moon-Television.mp4,123
Innocence-Nathan Wagner.mp4,77
Королевна-Мельница.mp4,90
Nights Like This (feat. Ty Dolla $ign)-Kehlani.mp4,146
Forsaker-Katatonia.mp4,140
Freedom! '90 - Remastered-George Michael.mp4,92
"Goldberg Variations, BWV 988: Aria-Johann Sebastian Bach.mp4",94
Der Letzte Marsch-Ellende.mp4,110
Perfect-Ed Sheeran.mp4,63
Keinu-Cheek.mp4,138
Another Love-Tom Odell.mp4,123
25-The Pretty Reckless.mp4,77
Trouble’s Coming-Royal Blood.mp4,112
Time-Hans Zimmer.mp4,125
Phobia-Nothing But Thieves.mp4,148
When the Sun Hits-Slowdive.mp4,94
Nevermind-Dennis Lloyd.mp4,100
"Freed From Desire - prod. Molella, Phil Jay-Gala.mp4",129
Symptom of the Universe - 2017 Remaster-Sepultura.mp4,165
Turning Page-Sleeping At Last.mp4,125
Feeling Good-Michael Bublé.mp4,116
The Human Touch-Nina Simone.mp4,94
Black Magic Women-SantanaRama.mp4,124
Secret For The Mad-dodie.mp4,88
When I Was Your Man-Bruno Mars.mp4,73
Famous Last Words-My Chemical Romance.mp4,128
As Far As I Can Go-Louie Zong.mp4,97
Stay-Cradle Of Filth.mp4,120
The Horror and the Wild-The Amazing Devil.mp4,97
Conclusion-Schammasch.mp4,120
Güneş-Can Bonomo.mp4,96
Grande amore-Il Volo.mp4,71
Philosopher's Stone - Remastered-Van Morrison.mp4,94
Age of Consent - 2015 Remaster-New Order.mp4,162
Moon Love-Boombox Cartel.mp4,65
Miragem-Djavan.mp4,121
My Type-Saint Motel.mp4,118
Meridian-August Burns Red.mp4,120
Calma - Remix-Pedro Capó.mp4,127
Resimdeki Gözyaşları-Cem Karaca.mp4,114
Affet-Müslüm Gürses.mp4,160
The Old Maid in the Garrettb. Tam Lin (Reel)-Steeleye Span.mp4,106
Recuerdo-Orquesta Osvaldo Pugliese.mp4,125
Made It Home-Stinky.mp4,95
Balta Diena-Saulius Mykolaitis.mp4,132
Third Eye-TOOL.mp4,107
Barro Tal Vez-Luis Alberto Spinetta.mp4,116
Come Out and Play-The Offspring.mp4,157
Tristeza e solidao-Baden Powell.mp4,112
Shadow-Chromatics.mp4,107
Scar Tissue-Red Hot Chili Peppers.mp4,89
Širdis-Alina Orlova.mp4,144
The Koln Concert: Part 2c-Keith Jarrett.mp4,144
Quién-Pablo Alborán.mp4,71
Electric Counterpoint: III. Fast-Steve Reich.mp4,128
The Pot-TOOL.mp4,108
And You and I - 2003 Remaster-Yes.mp4,116
Una canción me trajo hasta aquí-Jorge Drexler.mp4,132
The Truth-Foster The People.mp4,135
Digits Check - Rap Drums Instrumental Beat Compilation Mix-Slim Halsey Thug.mp4,112
Positif-FouKi.mp4,72
Herkes Gibisin-Cem Karaca.mp4,112
Carmina Burana: I. O Fortuna-Carl Orff.mp4,128
She Don't Dance-Everyone You Know.mp4,110
Brown Noise - Loopable with No Fade-White Noise Meditation.mp4,161
L'enfant sauvage-Gojira.mp4,128
How to Save a Life-The Fray.mp4,122
House of the Rising Sun (with The Forest Rangers) - Season 4 Finale Version-The White Buffalo.mp4,71
Jerusalema (feat. Nomcebo Zikode)-Master KG.mp4,124
Hoppípolla-Sigur Rós.mp4,70
Enjoy the Silence - Single Mix-Depeche Mode.mp4,113
One Step Closer-Linkin Park.mp4,95
Snuff-Slipknot.mp4,124
Within-Daft Punk.mp4,110
Oh! You Pretty Things - 2015 Remaster-David Bowie.mp4,81
Isqueiro azul (Participação especial de Alexandre Carlo)-Tiê.mp4,77
The Mysterious Vanishing of Electra-Anna von Hausswolff.mp4,101
Identity Crisis-Thrice.mp4,104
On My Own-Ashes Remain.mp4,88
The Lonely Shepherd-James Last.mp4,108
Ragged Wood-Fleet Foxes.mp4,181
Oblivion-Mastodon.mp4,133
"Another Brick in the Wall, Pt. 2-Pink Floyd.mp4",104
Soft to Be Strong-MARINA.mp4,136
Just Give Me a Reason - Dance Remix-Pinkdance.mp4,100
Pretty Boy-M2M.mp4,87
Arcanum Triste-Nahash.mp4,157
The Hangman of Prague - remastered-Marduk.mp4,123
"Tiems, Kurie Kely-Domantas Razauskas.mp4",100
"Fantasy-Earth, Wind & Fire.mp4",89
Touch (feat. Paul Williams)-Daft Punk.mp4,116
¿De qué vas? - Directo-Rosendo.mp4,97
Orphan Soul-Infected Rain.mp4,128
Chuva no Brejo (feat. Moraes Moreira & Davi Moraes) - Ao Vivo-Marisa Monte.mp4,88
D-Code-Alain Caron.mp4,116
Cornfield Chase-Hans Zimmer.mp4,96
If All Should Fail-Rusty Cage.mp4,130
Chameleon-Herbie Hancock.mp4,109
Angel's Carol-John Rutter.mp4,69
(No One Knows Me) Like the Piano-Sampha.mp4,65
Strange Overtones-David Byrne.mp4,110
"Call It Fate, Call It Karma-The Strokes.mp4",110
Hotel California (Originally Performed by the Eagles)-The Hotel California's.mp4,150
Basket Case-Green Day.mp4,176
Unintended-Muse.mp4,70
Dėl Tavęs Galiu-Kastytis Kerbedis.mp4,103
Se Nos Muere el Amor-Ricardo Arjona.mp4,69
The Satanist-Behemoth.mp4,112
SLOW DANCING IN THE DARK-Joji.mp4,89
"Listen (From the Motion Picture ""Dreamgirls"")-Beyoncé.mp4",123
Wonderful Life-Hurts.mp4,120
No Roots-Alice Merton.mp4,116
Salt-Eivør.mp4,109
The Scientist-Coldplay.mp4,73
Red Flag-Billy Talent.mp4,181
Chant libre-Lino.mp4,91
Разбивай витрины-pyrokinesis.mp4,157
Química (feat. The Martinez Brothers)-Rauw Alejandro.mp4,100
God Is a Girl-Groove Coverage.mp4,142
She's Got a Way-Billy Joel.mp4,73
Dadaloğlu-Cem Karaca.mp4,135
Small Town Blues-The New Lou Reeds.mp4,142
Personal Jesus - Original Single Version-Depeche Mode.mp4,130
"I Swallowed Hard, Like I Understood-65daysofstatic.mp4",186
No problem-Chet Baker.mp4,125
When You Die-MGMT.mp4,141
Human Nature-Madonna.mp4,93
Stay on These Roads-a-ha.mp4,104
The Suburbs-Arcade Fire.mp4,118
Pact With God-Nero's Day At Disneyland.mp4,174
Olkinainen-Miljoonasade.mp4,110
Road (feat. Emma Salokoski)-Don Johnson Big Band.mp4,117
Halim Yok-Ozan Kotra.mp4,136
Walk Away-Christina Aguilera.mp4,51
Lone Digger-Caravan Palace.mp4,124
Hotel California-The Illegal Eagles.mp4,148
My Shot-Lin-Manuel Miranda.mp4,91
Brothers in Arms-Gregorian.mp4,80
Under Your Feet-Mario Basanov.mp4,120
Прогулки по воде-Nautilus Pompilius.mp4,85
Ay Carmela (Instrumental)-Boom Pam.mp4,160
Lilac Wine-Jeff Buckley.mp4,61
Nutshell-Alice In Chains.mp4,68
The Night We Met-Lord Huron.mp4,87
Last Train to London-Electric Light Orchestra.mp4,121
Still Loving You-Scorpions.mp4,105
La La Latch (Sam SmithDisclosureNaughty Boy Mashup)-Pentatonix.mp4,122
June Afternoon-Roxette.mp4,101
Spoiler - En Directo-Airbag.mp4,148
Inmost Nigredo-In Solitude.mp4,120
Far Away-Takatsugu Muramatsu.mp4,71
Islak Islak-Barış Akarsu.mp4,125
Shame-Andy Mineo.mp4,83
Different World (feat. CORSAK)-Alan Walker.mp4,130
Bird Set Free-Sia.mp4,150
Sapphire-Alcest.mp4,150
Waiting For My Real Life To Begin-Colin Hay.mp4,87
"Sinfonía No. 4 in E Minor, Op. 98: I. Allegro non troppo-Johannes Brahms.mp4",72
Sky-Sonique.mp4,144
One Sweet Day-Mariah Carey.mp4,128
Freaks - Radio Edit-Timmy Trumpet.mp4,128
In the Army Now 2010-Status Quo.mp4,105
Love Like Crazy-Lee Brice.mp4,157
Bana Sor-Ferdi Tayfur.mp4,138
"The Night We Met (from ""13 Reasons Why"")-Gavin Mikhail.mp4",84
Sidabro Lakiute - Live 2018-Saulius Petreikis.mp4,71
Unlock it (Lock It) - feat. Kim Petras and Jay Park-Charli XCX.mp4,135
Rent - 2001 Remaster-Pet Shop Boys.mp4,135
Voodoo People - Pendulum Mix-The Prodigy.mp4,174
Alone-Squid Ethics.mp4,91
It's Been Awhile-Staind.mp4,118
Keep Holding On-Avril Lavigne.mp4,108
Hallelujah-Jeff Buckley.mp4,101
The Golden Wedding of Sorrow-Death In June.mp4,128
þÚ Ert Jörðin-Ólafur Arnalds.mp4,100
True Sorry-Ibrahim Maalouf.mp4,131
Closer-Kings of Leon.mp4,81
Lágrimas de Desidéria-M26.mp4,90
Offenbarung-Paysage D'Hiver.mp4,161
The Seven Angels-Avantasia.mp4,152
No Good-KALEO.mp4,108
Hatıran Yeter-Ferdi Tayfur.mp4,92
Space Oddity - 2015 Remaster-David Bowie.mp4,138
Tohtori Krabolan Telekineettinen Testilaboratorio-Kuha.mp4,90
Trial by Fire-Testament.mp4,191
Born in Winter-Gojira.mp4,128
"Piano Sonata No. 8 in C Minor, Op. 13 ""Pathétique"": II. Adagio cantabile-Ludwig van Beethoven.mp4",191
La Campanella-Rousseau.mp4,179
The Sea-Morcheeba.mp4,150
Courtyard Lullaby-Loreena McKennitt.mp4,121
"You're My Heart, You're My Soul-Modern Talking.mp4",117
Поезд на Сурхарбан-Олег Медведев.mp4,77
Creep-Radiohead.mp4,94
Lucky-Jason Mraz.mp4,130
Piano Man-Billy Joel.mp4,181
Humo-Jarabe De Palo.mp4,75
Intro-M83.mp4,105
Rubina's Blue Sky Happiness-Joe Satriani.mp4,97
paper moons-Josef Salvat.mp4,117
Is This Love - 2018 Remaster-Whitesnake.mp4,90
Amused to Death-Roger Waters.mp4,118
A Greater Call-Cult Of Luna.mp4,124
Dorset Perception-Shpongle.mp4,120
Derdim Olsun-Reynmen.mp4,62
Lei colorerà-Musica Nuda.mp4,60
Touch Me-The Doors.mp4,216
River of Shadows - Original Mix-Sueal.mp4,128
Born to Run-Bruce Springsteen.mp4,148
If I Was A Folkstar-The Avalanches.mp4,123
Sanctuary-Joji.mp4,84
Souffle le vent-Odezenne.mp4,102
70-Lomepal.mp4,90
You Owe Me an IOU-Hot Hot Heat.mp4,120
There Goes Angela (Dream Away) - Home Recording-Tom Petty.mp4,99
No Surprises-Radiohead.mp4,77
Candlelight-LIZOT.mp4,140
Saturn-Sleeping At Last.mp4,146
Kalpsiz Romantik-Redd.mp4,110
"String Quartet No. 8 in C Minor, Op. 110: IV. Largo-Dmitri Shostakovich.mp4",94
Bir Sana Bir De Bana-Burcu Tatlıses.mp4,113
Jolene-The Petersens.mp4,116
Guacamayo-Danit.mp4,77
Habit-SEVENTEEN.mp4,86
House by the Sea-Moddi.mp4,99
And I Love Her-John Abercrombie.mp4,112
Étienne d'août-Malajube.mp4,95
POIZON-Laylow.mp4,72
Dust in the Wind-Kansas.mp4,94
Born to Touch Your Feelings - Studio Edit-Scorpions.mp4,156
Whistle-Flo Rida.mp4,104
Give Me Your Love-Dimash Qudaibergen.mp4,113
Deli Kızım Uyan-Şebnem Ferah.mp4,98
Wish You Were Here-Pink Floyd.mp4,61
Lella-Orchestraccia.mp4,128
"My Heart Will Go On - Love Theme from ""Titanic""-Céline Dion.mp4",99
Taro-alt-J.mp4,172
In Hell I'll Be in Good Company-The Dead South.mp4,155
"Symphony No. 4 in E-Flat Major, WAB 104, ""Romantic"": I. Bewegt, nicht zu schnell-Anton Bruckner.mp4",135
Submission-Nachtmahr.mp4,125
One of These Nights-The Illegal Eagles.mp4,110
Manuelita La Tortuga-María Elena Walsh.mp4,114
"Я піду в далекі гори - з кф ""Синевир""-Володимир Івасюк.mp4",72
Nexus On The Beach-Roberto Musci.mp4,150
La menuiserie-Stupeflip.mp4,89
Butterflies and Hurricanes-Muse.mp4,115
Beni Kör Kuyularda Merdivensiz Bıraktın-Timur Selçuk.mp4,90
Cuarto movimiento: la realidad-Extremoduro.mp4,149
Voice of the Soul-Death.mp4,121
"Sonata No. 14 ""Moonlight"" in C-Sharp Minor"", Op. 27 No. 2: I. Adagio sostenuto-Ludwig van Beethoven.mp4",84
Acima do Sol - Ao Vivo-Skank.mp4,92
River-Leon Bridges.mp4,128
Comforting Sounds-Mew.mp4,80
Alone-Nico Collins.mp4,85
Se fue-Raphael.mp4,111
"Mahler: Symphony No. 2 in C Minor, ""Resurrection"": IV. Urlicht - Live-Gustav Mahler.mp4",87
Experience-ibi.mp4,94
Beni Vur-Ahmet Kaya.mp4,92
Deer Dance-System Of A Down.mp4,158
Drunk Groove-MARUV.mp4,112
Through the Fire and Flames-DragonForce.mp4,200
Rimini-Les Wampas.mp4,104
Gülpembe-Barış Manço.mp4,80
Komm schlaf bei mir-Ton Steine Scherben.mp4,135
Self Control-Frank Ocean.mp4,80
Ingrid-Johanna Kurkela.mp4,82
Stockholm Syndrome-Muse.mp4,128
The Silent Howling-Sinister.mp4,145
Bridge over Troubled Water  Still Waters Run Deep-Queen Esther Marrow.mp4,71
Soothe My Soul-Depeche Mode.mp4,123
Die Flut - Radio Edit-Joachim Witt.mp4,115
18-One Direction.mp4,124
Tunak Tunak Tun-Daler Mehndi.mp4,150
The Weatherman-Blue October.mp4,115
Constellations-Enter Shikari.mp4,120
Terminus-Forest Drive West.mp4,85
Future-Paramore.mp4,102
Der wilde Wassermann-Faun.mp4,76
Wild Ones (feat. Sia)-Flo Rida.mp4,127
Matilda-alt-J.mp4,148
No One Like You-Scorpions.mp4,119
A Song for Our Grandfathers-Future Islands.mp4,150
Stay-Rectifire.mp4,100
Grand Ball (Turmion Kätilöt) [feat. Peter TÄgtgren]-Turmion Kätilöt.mp4,160
"Ball and Chain - Live at McMahon Stadium, Calgary, Canada - July 1970-Janis Joplin.mp4",162
天空之城-李志.mp4,130
Veridis Quo-Daft Punk.mp4,107
Ne Gėda Jaust-Monique.mp4,123
Exit Music (For A Film)-Radiohead.mp4,60
Spirit in the Night-Bruce Springsteen.mp4,125
Rain When I Die (2022 Remaster)-Alice In Chains.mp4,120
"Violinkonzert No. 5 In a Dur, K 219: I. Allegro-Wolfgang Amadeus Mozart.mp4",135
Snowman-Sia.mp4,70
B.Y.O.B.-System Of A Down.mp4,160
Take Five-The Dave Brubeck Quartet.mp4,176
Kiss The Rain-Yiruma.mp4,133
Videotape-Radiohead.mp4,77
Marso Kanjonai-Andrius Mamontovas.mp4,114
Wolves-Marduk.mp4,101
Dueto-Chico Buarque.mp4,102
Drug Addiction-YoungBoy Never Broke Again.mp4,70
Fiddler on the Green - Remaster 2019-Demons & Wizards.mp4,181
Me and Bobby McGee-Janis Joplin.mp4,200
Dreamer-Ozzy Osbourne.mp4,80
Daydreaming-Radiohead.mp4,91
The Final Countdown-Europe.mp4,118
Half a Person - 2011 Remaster-The Smiths.mp4,121
Doubt-Hippo Campus.mp4,81
Gunman-Orden Ogan.mp4,175
The Road to Hell Part 2-Chris Rea.mp4,135
Feathergun in the Garden of the Sun-Rishloo.mp4,128
"No More ""I Love You's""-Annie Lennox.mp4",90
"8 Études, Op 42: 5. Study in C sharp minor-Alexander Scriabin.mp4",81
Cirrus-Bonobo.mp4,119
Jungleland-Bruce Springsteen.mp4,139
A Wall-Bat For Lashes.mp4,120
Another Life-Motionless In White.mp4,162
you broke me first-Tate McRae.mp4,62
Time Will Wait-Submotion Orchestra.mp4,132
Funnybones & Lazylegs-Xploding Plastix.mp4,200
Madness-Muse.mp4,90
Hotel California - 2013 Remaster-Eagles.mp4,147
Velouria-Pixies.mp4,125
Özledim Her Şeyini-Nalan Altınörs.mp4,76
"Klavierkonzert, A-Moll, op. 54: II. Intermezzo: Andantino grazioso-Robert Schumann.mp4",87
To an Aesthete Dying Young-Mccarthy Trenching.mp4,81
Himmelblau-Die Ärzte.mp4,160
Moonshiner-Cat Power.mp4,97
I Love It (feat. Charli XCX)-Icona Pop.mp4,126
Better You-David Choi.mp4,75
Cantares-Joan Manuel Serrat.mp4,128
Sleep Now In the Fire-Rage Against The Machine.mp4,128
Trys Milijonai-Marijonas Mikutavičius.mp4,128
The Partisan-Leonard Cohen.mp4,88
I'm To Blame-Boardwalk.mp4,107
Here's an Ode-:Of The Wand And The Moon:.mp4,69
Moottorisaha-Muuan mies.mp4,84
Firth of Fifth - 2007 Stereo Mix-Genesis.mp4,81
Lies or Truth - Album Edit-Wildstylez.mp4,148
Glue-Bicep.mp4,130
One More Light-Linkin Park.mp4,84
Cassidy - Live-Grateful Dead.mp4,155
Supersankari-Laura Närhi.mp4,123
I Want It That Way-Backstreet Boys.mp4,99
The Upsetter-Metronomy.mp4,124
Pa Pa Power-Dead Man's Bones.mp4,116
Everglow-Coldplay.mp4,73
Speed Racer-Vic Chesnutt.mp4,87
Ezio's Family-Jesper Kyd.mp4,126
Sunburn-Muse.mp4,186
Ruskeala - Mixed-Modd.mp4,122
Los Naranjos-Vera Fauna.mp4,88
Ohikiitävää-Juha Tapio.mp4,88
É Doce Morrer no Mar - Voice-Jorge Amado.mp4,101
Manu Chao-Les Wampas.mp4,139
Dance with U-FTISLAND.mp4,105
"Symphony No. 9 in D Minor, Op. 125 ""Choral"": II. Scherzo (Molto vivace)-Ludwig van Beethoven.mp4",116
Comfortably Numb-Pink Floyd.mp4,64
I'll Keep Coming-Low Roar.mp4,140
La terre est ronde-Orelsan.mp4,82
Yayla-Rezzett.mp4,126
"El pájaro de fuego: No. 2, Danza y variaciones del Pájaro de fuego-Igor Stravinsky.mp4",75
"It's Been a Long, Long Time-Harry James.mp4",77
Brains Escape (feat. Simon)-Ganja White Night.mp4,90
Ya Hey-Vampire Weekend.mp4,92
Girlfriend Is Better - 2005 Remaster-Talking Heads.mp4,119
Fire Flies-Gorillaz.mp4,135
Mul ei oo lapsuudensankarii-Vesala.mp4,90
Hang 'Em High-Black Peaks.mp4,205
Sheep-Pink Floyd.mp4,135
Lazer Beaming-Scientist.mp4,135
"No Llores Por Mí, Argentina (En Vivo)-Serú Girán.mp4",151
I Hate Everything About You-Three Days Grace.mp4,89
Hei rakas-BEHM.mp4,115
The Final Cut-Pink Floyd.mp4,118
Охотник-Корсика.mp4,176
Rudens Naktis Sustojo-Leon Somov & Jazzu.mp4,139
Otherside-Red Hot Chili Peppers.mp4,124
Beds Are Burning - Remastered-Midnight Oil.mp4,120
Norupo-Heilung.mp4,80
Ylang Ylang-FKJ.mp4,70
Circunvalación-El Kuelgue.mp4,155
Feel Alright-Poolside.mp4,106
India Song (piano)-Carlos D'Alessio.mp4,77
Три полоски-Animal Jazz.mp4,108
Hard Times-Paramore.mp4,120
Abrasive-Ratatat.mp4,138
Death Atlas-Cattle Decapitation.mp4,164
Adios Nonino-Astor Piazzolla.mp4,118
Ermeni Halk Ezgisi-Cihat Aşkın.mp4,118
Karrieresong-Konny.mp4,161
Ratilai-Andrius Mamontovas.mp4,77
About the Ibiza Sunset-Vanilla Twilight.mp4,160
Stronger (feat. Black Violin)-The Phantoms.mp4,73
Revenge-XXXTENTACION.mp4,70
La Ventanita-Garibaldi.mp4,125
Magic-Coldplay.mp4,94
Never Fade Away-SAMURAI.mp4,144
Dear Future Husband-Meghan Trainor.mp4,159
T.N.T.-ACDC.mp4,127
Rasguña las Piedras-Sui Generis.mp4,164
"Sinfonia No. 2 Resurrección: Auferstehn, Ja Auferstehn Wirts Du-Gustav Mahler.mp4",87
Get Lucky (Radio Edit) [feat. Pharrell Williams and Nile Rodgers]-Daft Punk.mp4,116
Would? (2022 Remaster)-Alice In Chains.mp4,102
MVP Freestyle-Light.mp4,85
Apie Tave-Jazzu.mp4,63
Slateman-Godflesh.mp4,132
Everybody Dies In Their Nightmares-XXXTENTACION.mp4,130
Boulevard of Broken Dreams-Green Day.mp4,167
505-Arctic Monkeys.mp4,140
All of Me-John Legend.mp4,125
Подруга-Наша Таня.mp4,70
Take It All-Adele.mp4,68
This Love This Heart - 2016 Remaster-Phil Collins.mp4,100
Present Tense-Radiohead.mp4,92
Shadowman-Axxis.mp4,181
Wet Sand-Red Hot Chili Peppers.mp4,88
Take on Me-a-ha.mp4,169
Call Your Name-Daughtry.mp4,142
Mastermind-Mick Gordon.mp4,145
Wat's Wrong (feat. Zacari & Kendrick Lamar)-Isaiah Rashad.mp4,125
Gainesville Rock City-Less Than Jake.mp4,104
"Le Quattro Stagioni (the Four Seasons), Op. 8, Concerto No. 1 in E Major, Rv 269 “la Primavera” (Spring): I. Allegro-Albinoni Orchestra & Julius Frederick Rinaldi.mp4",107
"Antonio Vivaldi: Inverno de ""As Quatro Estações"" Op. 8 No.4, Allegro-Antonio Vivaldi.mp4",120
"The Glow, Pt. 2-The Microphones.mp4",100
Nil-Christian Löffler.mp4,120
Bohemian Rhapsody-Freddie Mercury.mp4,71
The Son of Misery-Thy Art Is Murder.mp4,130
Deep Stone Lullaby-Michael Sechrist.mp4,130
Space Is Only Noise If You Can See-Nicolas Jaar.mp4,102
Here's to Life-Streetlight Manifesto.mp4,140
Infinito-Djavan.mp4,158
A Vida É Desafio-Racionais MC's.mp4,76
Silmät-Arppa.mp4,125
Somehow.-Phony Ppl.mp4,93
Mis Días Sin Ti-Rauw Alejandro.mp4,90
父亲写的散文诗-许飞.mp4,130
Drag Me Down-One Direction.mp4,138
我和我的祖国-王紫菲.mp4,61
Moths - 2003 Remaster-Jethro Tull.mp4,96
My Flaws Burn Through My Skin Like Demonic Flames from Hell-$uicideboy$.mp4,63
I Wanna Dance with Somebody (Who Loves Me)-Whitney Houston.mp4,119
The End-The Doors.mp4,107
Letter of Fate-Goldie.mp4,90
Paska maanantai-Seminaarinmäen Mieslaulajat.mp4,87
Waltz-Eugen Doga.mp4,112
Kreuzberg-Bloc Party.mp4,128
"Agar Tum Saath Ho (From ""Tamasha"")-Alka Yagnik.mp4",123
Summer-Calvin Harris.mp4,128
Where Is My Mind? - Remastered-Pixies.mp4,81
What Sarah Said-Death Cab for Cutie.mp4,90
"Dört Mevsim, Konçerto No. 2 in G Minor, RV 315 ""Yaz""-Antonio Vivaldi.mp4",144
Through Da Storm-Polo G.mp4,75
Milo-Dooz Kawa.mp4,85
Coração Noturno-Raul Seixas.mp4,102
Pana La Sange-Carla's Dreams.mp4,71
"Drei Klavierstücke, D.946: Drei Klavierstücke, D.946: I. Allegro assai. Andante. Andantino-Franz Schubert.mp4",66
She's A Big Boy-Mcbaise.mp4,150
One More Time-Daft Punk.mp4,123
Rescue-Lauren Daigle.mp4,100
"What Is Love - 7"" Mix-Haddaway.mp4",124
Nopeimmat junat-Anna Puu.mp4,125
Line-The Story So Far.mp4,103
"Lullabye (Goodnight, My Angel)-Billy Joel.mp4",77
Californication-Red Hot Chili Peppers.mp4,97
Spiegel im spiegel-Arvo Pärt.mp4,91
You Say-Lauren Daigle.mp4,74
Let Down-Radiohead.mp4,103
Bump in the Road (feat. Gisto & Pineo & Loeb)-Stylust.mp4,85
60 uutta ongelmaa-Apulanta.mp4,98
PLANET  SHAPER-Camellia.mp4,147
11th Dimension-Julian Casablancas.mp4,125
Stay (Wasting Time)-Dave Matthews Band.mp4,108
How Can I Be Sure of You-Harry Nilsson.mp4,119
Honey Come Back-The Ray Conniff Singers.mp4,114
Rolling in the Deep-Adele.mp4,105
Sunset-The xx.mp4,120
Kitoks Pasaulis (2017)-Andrius Mamontovas.mp4,117
Isn't It a Pity-Nina Simone.mp4,62
"Welcome Home, Son-Radical Face.mp4",145
Timber (feat. Ke$ha)-Pitbull.mp4,130
O Mary Don't You Weep-Bruce Springsteen.mp4,138
Uusia unelmia-Vesala.mp4,96
The Greatest Show on Earth-Nightwish.mp4,154
Karma Police-Radiohead.mp4,151
Mother of Earth - Remastered 2020-The Gun Club.mp4,181
"Le tombeau de Couperin, M. 68: I. Prélude-Maurice Ravel.mp4",84
Hands On Me-Giolì & Assia.mp4,122
Sweden-C418.mp4,88
Vain yksi sinä (feat. Titta)-Spekti.mp4,145
"When You Grow Up, Your Heart Dies-Gunship.mp4",125
Gosh-Jamie xx.mp4,139
Unscharf - Live-Farin Urlaub Racing Team.mp4,200
Seventh Wave-Devin Townsend.mp4,128
Nine Million Bicycles-Katie Melua.mp4,82
(Don't Fear) The Reaper-Blue Öyster Cult.mp4,144
Back In Black-ACDC.mp4,95
Greta-Pedro Guerra.mp4,108
"Der Rosenkavalier Suite, Op. 59, TrV 227-Richard Strauss.mp4",94
Only For A Moment-Lola Marsh.mp4,140
Quedándote o Yéndote-Luis Alberto Spinetta.mp4,81
Monotonija-Solo Ansamblis.mp4,144
Carry On-fun..mp4,156
Umarme das Leben-SEOM.mp4,102
Popular Monster-Falling In Reverse.mp4,165
Africa-TOTO.mp4,93
Me dê Amor (Feat. Gaiola das Popozudas)-Sango.mp4,130
No-One Is There-Sopor Aeternus & The Ensemble Of Shadows.mp4,77
She-Green Day.mp4,186
Another Manʼs Grave-Amigo the Devil.mp4,96
Hit the Road Jack-Ray Charles.mp4,172
Come Alive-Hillsong Worship.mp4,102
Pergolesi: Stabat Mater: I. Stabat Mater dolorosa-Giovanni Battista Pergolesi.mp4,94
"Schwanengesang, D.957: No. 4 Serenade-Franz Schubert.mp4",71
Stereophobia - Original Mix-Dark Oscillators.mp4,148
How to Disappear Completely-Radiohead.mp4,101
Bullitt - Bonus Track-Elephanz.mp4,79
Ten Esi Tu-Sisters On Wire.mp4,115
Breathe In-Daddy Was a Milkman.mp4,108
I Can't Stop - Radio Edit-De-Javu.mp4,128
Cadáver exquisito-Fito Paez.mp4,89
Mona Ki Ngi Xica-Bonga.mp4,96
Dunkelheit-Burzum.mp4,109
Daddy's Girl-Katey Sagal.mp4,76
Muzika Kuri Saugo (G&G Sindikatas cover)-Evgenya Redko.mp4,130
I Need a Teacher-Hiss Golden Messenger.mp4,86
The House That Built Me-Miranda Lambert.mp4,81
Landslide-Fleetwood Mac.mp4,80
Melody of You-Sixpence None The Richer.mp4,99
Alakazam ! x Fire (WWW)-Justice.mp4,121
Re-mor ve ötesi.mp4,144
Summertime Sadness (remix) - Tribute to Lana Del Rey and Cedric Gervais-Summertime Sadness.mp4,126
Ave María-Andrea Bocelli.mp4,94
STAY-BLACKPINK.mp4,88
I Might Be Wrong-Radiohead.mp4,103
The Red Knot-Ahn Ye Eun.mp4,87
I Will Follow You into the Dark-Death Cab for Cutie.mp4,157
A Thousand Kisses Deep-Leonard Cohen.mp4,77
Lady Grinning Soul - 2013 Remaster-David Bowie.mp4,95
Under the Bridge-Red Hot Chili Peppers.mp4,87
Elevator-Holy Holy.mp4,137
Prey-Parkway Drive.mp4,133
Rüyalarda Buruşmuşum-Adamlar.mp4,115
Into the Dark-Khai.mp4,110
Nocturnos Op. 32 In F Minor: I. Andante-Frédéric Chopin.mp4,65
Bésame-Ricardo Montaner.mp4,81
Stand by Me-Ben E. King.mp4,118
Eid Ma Clack Shaw-Bill Callahan.mp4,118
Grow Up and Blow Away-Metric.mp4,110
Endlessness-Nightwish.mp4,90
Snow (Hey Oh)-Red Hot Chili Peppers.mp4,108
Mitäpä jos-Samuli Putro.mp4,124
Don't Stop 'Til You Get Enough-Michael Jackson.mp4,119
Straight to Hell - Remastered-The Clash.mp4,91
Firewall-Kompany.mp4,150
Dan VS Egg-Toehider.mp4,60
"Cello Suite No. 1 in G Major, BWV 1007: I. Prélude-Johann Sebastian Bach.mp4",145
Fix You-Coldplay.mp4,140
Tell Me (feat. Chacel)-Macon.mp4,122
Love's a Stranger-Warhaus.mp4,81
De Vez en Cuando la Vida - En Directo-Joan Manuel Serrat.mp4,84
High Hopes-Pink Floyd.mp4,75
SUN GOES DOWN-Lil Nas X.mp4,87
Feel Good Inc.-Gorillaz.mp4,139
Boléro-Maurice Ravel.mp4,132
Simsiyah-Mustafa Ceceli.mp4,88
Violence - Original Mix-Grimes.mp4,100
Brave-Sara Bareilles.mp4,185
Atendeu-MÚSICA DO JOSÉ.mp4,139
Oscar Wilde-The Cat Empire.mp4,109
Soldadito de Hierro-Nil Moliner.mp4,82
The Trick Is To Keep Breathing-Garbage.mp4,105
Riders on the Storm-The Doors.mp4,104
"Piano Sonata in A Major, No. 11, K331 ""Turkish March"": III. Rondò: Alla Turca-J.S. Bach Orchestra & Walter Rinaldi.mp4",115
Shelter-Porter Robinson.mp4,100
Sunrise (Always Comes Around)-UNKLE.mp4,128
Nightmare-Avenged Sevenfold.mp4,130
Ghost of Perdition-Opeth.mp4,188
I Appear Missing-Queens of the Stone Age.mp4,116
Finer Things-Polo G.mp4,89
Keşke-Yalın.mp4,112
Mad About You-Hooverphonic.mp4,85
Moteris-Solo Ansamblis.mp4,135
Tabula Rasa: I. Ludus-Arvo Pärt.mp4,112
The Wolves Are Back in Town-Soilwork.mp4,142
Billie Jean-Michael Jackson.mp4,117
You're Somebody Else-flora cash.mp4,103
Keeping Me Alive - Acoustic-Jonathan Roy.mp4,123
Genesis 30:3-The Mountain Goats.mp4,90
First Day of My Life-Bright Eyes.mp4,94
Keep A Secret-The Whitest Boy Alive.mp4,122
You & Me-Tommy Ice.mp4,88
Abandon All Hope-Dying Fetus.mp4,112
Evaporated-Ben Folds Five.mp4,84
Save Me-Aimee Mann.mp4,72
Kai sirpsta vyšnios Suvalkijoj-Vytautas Kernagis.mp4,184
Change (In the House of Flies)-Deftones.mp4,141
无忧无虑-无忧俱乐部.mp4,124
Samba de Verão-Marcos Valle.mp4,136
Shofukan-Snarky Puppy.mp4,84
Heroes - 2017 Remaster-David Bowie.mp4,112
Lesser Known Good-Nym.mp4,93
Durma Yağmur Durma-Gripin.mp4,142
World On Fire-Slash.mp4,174
Inní mér syngur vitleysingur-Sigur Rós.mp4,106
Breathe (2 AM)-Anna Nalick.mp4,170
Purple Rain-Prince.mp4,112
Achilles Come Down-Gang of Youths.mp4,90
On Our Knees (feat. R.O)-Konoba.mp4,87
Take Me Into Your Skin-trentemøller.mp4,118
Et voi tulla rajan taa-Matti ja Teppo.mp4,111
The Red Baron-Sabaton.mp4,188
Killing In The Name-Rage Against The Machine.mp4,89
I Remember-Damien Rice.mp4,107
More...-Indochine.mp4,115
Côte Ouest-47ter.mp4,76
The Ones Who've Hurt You-Aurelio Voltaire.mp4,95
Stop a Bullet-Black Light Burns.mp4,133
Kamber - Akustik-Ados.mp4,82
"Tchaikovsky: Symphony No. 4 in F Minor, Op. 36: II. Andantino in moto di canzone-Pyotr Ilyich Tchaikovsky.mp4",101
I Ain't No Nice Guy-Motörhead.mp4,76
I’m Yours-Jason Mraz.mp4,75
Dawn Chorus-Thom Yorke.mp4,135
Love on the Line (Call Now)-Her's.mp4,137
Iron Sky-Paolo Nutini.mp4,70
Talia-King Princess.mp4,90
Alevosía-Luis Eduardo Aute.mp4,136
Leave Out All The Rest-Linkin Park.mp4,80
Haunted-Beyoncé.mp4,125
III-Fucking Werewolf Asso.mp4,140
Breathe - Legends of Runeterra Version-Fleurie.mp4,140
Jesus of Suburbia-Green Day.mp4,177
The Catalyst-Linkin Park.mp4,135
Take My Hand While I Take My Life-Psyclon Nine.mp4,138
Darkness Within-Machine Head.mp4,164
Porz Goret-Yann Tiersen.mp4,77
The Great Gig in the Sky-Pink Floyd.mp4,60
Bora Vocal-Rone.mp4,125
Walking in My Shoes - 2006 Remaster-Depeche Mode.mp4,93
Paranoid - Live 1981-Ozzy Osbourne.mp4,172
Walk Like an Egyptian-The Bangles.mp4,103
Praise The Lord (Da Shine) (feat. Skepta)-A$AP Rocky.mp4,80
Hedwig's Theme-John Williams.mp4,157
Promise You'll Haunt Me-Auscultation.mp4,110
La Vida Empieza Hoy-Sergio Dalma.mp4,125
Hammer Smashed Face-Cannibal Corpse.mp4,121
Way down We Go-KALEO.mp4,82
Tyttö ja tanssiva karhu-Anneli Saaristo.mp4,123
Оборотень-Мельница.mp4,115
My Shadow-The Haunted.mp4,109
The Love That Lasts The Longest (Part 1) - Original Mix-Sound Apparel.mp4,140
Time Twogether-Franz Gordon.mp4,68
Something That You Said - Jeremy Wheatley Mix-The Bangles.mp4,107
Eugène Pottier - L'Internationale-Daniel Mesguich.mp4,91
Lost Innocent World-Gogol Bordello.mp4,155
Hasta la Raíz-Natalia Lafourcade.mp4,153
Mazi Kalbimde Bir Yaradır-Incesaz.mp4,112
Un Momento-Raúl Berón.mp4,191
Aurora-Schiller.mp4,100
Das Urteil-Kool Savas.mp4,89
Nocturne-Vesa-Matti Loiri.mp4,82
Map of the Problematique-Muse.mp4,125
The Promise-Tracy Chapman.mp4,71
La Isla Bonita-Madonna.mp4,100
Another Lover-Little Dragon.mp4,81
Çember-Yeni Türkü.mp4,157
Disorder - 2007 Remaster-Joy Division.mp4,172
大鱼 - Live-Zhou Shen.mp4,70
I Will Always Love You-Dolly Parton.mp4,68
Unstoppable-Sia.mp4,87
"String Quintet in C Major, D. 956  Op. Posth. 163 ""Cello Quintet"": II. Adagio-Franz Schubert.mp4",60
Will You Be There-Michael Jackson.mp4,83
Lady - Hear Me Tonight-Modjo.mp4,126
Pasos de cero-Pablo Alborán.mp4,100
Careless Whisper-George Michael.mp4,77
Yellow-Coldplay.mp4,87
El Pastor-Delta Sleep.mp4,99
Silence and I-The Alan Parsons Project.mp4,144
Dancer in the Dark-Marc Philippe.mp4,119
Yalnızlığım-Zuhal Olcay.mp4,130
Night Changes-One Direction.mp4,120
Heal the World-Michael Jackson.mp4,81
On Fire-THE ROOP.mp4,122
Higher-Lily Allen.mp4,100
HOUSTONFORNICATION-Travis Scott.mp4,80
Aavikko-Lauri Tähkä.mp4,127
Can You Imagine-Dope Stars Inc..mp4,112
Feel-A Life Divided.mp4,99
I'm Alive-Céline Dion.mp4,102
Waves-The Dear Hunter.mp4,150
Obertura Solemne 1812-Pyotr Ilyich Tchaikovsky.mp4,133
The Hours-Philip Glass.mp4,104
Duality-Slipknot.mp4,146
"Kinderszenen, Op. 15: No. 7 in F Major, Träumerei-Robert Schumann.mp4",63
Godspeed-Frank Ocean.mp4,108
Live Room-Tim Hecker.mp4,157
Church-Coldplay.mp4,124
Lost-Red.mp4,162
Ol' 55-Tom Waits.mp4,75
BUTTERFLY EFFECT-Travis Scott.mp4,71
Atsiprashow-ba..mp4,155
Cripples Can't Shiver-Pianos Become The Teeth.mp4,160
Deli Eylül-Hüsnü Arkan.mp4,100
On My Mind (Jorja Smith X Preditah)-Jorja Smith.mp4,130
SEGA SUNSET-Lorn.mp4,127
Don't Look Back In Anger - Remastered-Oasis.mp4,82
Uprising-Muse.mp4,128
Axe Victim - 2020 Remaster-Be Bop Deluxe.mp4,77
Dangerously In Love-Beyoncé.mp4,100
Let's Be Happy (arr. G. Frost)-Traditional.mp4,173
Hurricane-Bob Dylan.mp4,134
Yellow Ledbetter-Pearl Jam.mp4,71
Black Betty-Ram Jam.mp4,124
Story o' My Lf-Shaka Ponk.mp4,110
Lacrimosa-Zbigniew Preisner.mp4,108
Isla Mayor. Alegrías-Sonia Miranda.mp4,156
War Pigs  Luke's Wall - 2012 - Remaster-Black Sabbath.mp4,181
Cover Me-Bruce Springsteen.mp4,120
Children of the Dark-Mono Inc..mp4,158
Descending-TOOL.mp4,88
Dragonborn part 3 (Oceans Apart)-Headhunterz.mp4,150
Nella Fantasia-Jackie Evancho.mp4,62
Rotten Apple-Alice In Chains.mp4,74
Sway-Michael Bublé.mp4,126
Bir Ay Doğar-Cengiz Özkan.mp4,138
"Serenade for Strings in E Major, Op. 22, B. 52: II. Tempo di valse-Antonín Dvořák.mp4",163
Ladybird-The Rigs.mp4,80
Holding Hands-The Magic Lantern.mp4,67
Wind flower-MAMAMOO.mp4,114
Look Me in the Heart-Tina Turner.mp4,106
Sorry-Madonna.mp4,133
Strangelove - 2006 Remaster-Depeche Mode.mp4,119
"Ballade No. 1 in G Minor, Op. 23-Frédéric Chopin.mp4",118
Forever Young-Alphaville.mp4,68
Pillars of Sand-Vektor.mp4,184
Rivers of Babylon-Boney M..mp4,116
Fırıldak Adam-Aşık Mahzuni Şerif.mp4,97
Ódýr-Hatari.mp4,120
Shine a Light-Wolf Parade.mp4,132
You Got Me Singing-Leonard Cohen.mp4,132
Маленький-Дайте танк (!).mp4,96
A Rush of Blood to the Head-Coldplay.mp4,138
Viva La Vida-Coldplay.mp4,138
Unsainted-Slipknot.mp4,102
Yesterday Don't Mean Shit-Pantera.mp4,145
Watermelon Sugar-Harry Styles.mp4,96
15 Step-Radiohead.mp4,189
Barber: Adagio for Strings-Samuel Barber.mp4,87
Вперед-назад-НедРа.mp4,135
Her-Sadness.mp4,130
A bas la hiérarchie-Stupeflip.mp4,94
Buried Alive-Avenged Sevenfold.mp4,140
In the End-Linkin Park.mp4,105
Can't Find My Way Home - Live-Kofi Baker's Cream Experience.mp4,90
Cosmic Fairytale: Dimensions-Estas Tonne.mp4,127
Nikes-Frank Ocean.mp4,104
Doldur Meyhaneci-Adnan Senses.mp4,83
Tiek Nedaug Tereikėjo-Kostas Smoriginas.mp4,123
Stranger in Moscow-Michael Jackson.mp4,65
Black Dog - Remaster-Led Zeppelin.mp4,165
Apie Tave-Egle Jakstyte.mp4,193
Lapsuuden sankarille-Miljoonasade.mp4,124
Adventures In Solitude-The New Pornographers.mp4,116
Sailing-Rod Stewart.mp4,64
Expansão da Consciência-Pense.mp4,113
Ain’t No Sunshine - Lido Remix-Bill Withers.mp4,150
I Just Want You-Ozzy Osbourne.mp4,172
Main Theme from FINAL FANTASY-Yoko Shimomura.mp4,97
The Letters-Leonard Cohen.mp4,72
Meu Fado Meu-Mariza.mp4,77
Deep End-Fousheé.mp4,125
Nine Lives-Mahom.mp4,123
Take On Me-Reel Big Fish.mp4,98
Closing Time-Leonard Cohen.mp4,191
Alabaster-All Them Witches.mp4,117
Infinity-Jaymes Young.mp4,122
IknowhowIfeel-Parcels.mp4,115
Il est libre Max-Hervé Cristiani.mp4,135
Freedom-Rage Against The Machine.mp4,120
Tudo Vai Dar Certo-Natiruts.mp4,72
Insomnia - Radio Edit-Faithless.mp4,127
Adagio-Lara Fabian.mp4,65
Shoemaker-Nightwish.mp4,91
Impossible-James Arthur.mp4,85
Unravel-Toru Kitajima.mp4,120
Love Will Tear Us Apart - 2020 Remaster-Joy Division.mp4,147
Sun särkyä anna mä en-Johanna Kurkela.mp4,157
When We Die-SayWeCanFly.mp4,80
Sen Benimsin Ben Senin-Neşet Ertaş.mp4,83
"Non, je ne regrette rien-Édith Piaf.mp4",87
Traveler-David Maslanka.mp4,84
Три пути-Lumen.mp4,84
Wolf in Sheep's Clothing (feat. William Beckett)-Set It Off.mp4,165
Autumn Leaves-Eva Cassidy.mp4,73
40 Days-Slowdive.mp4,186
Tove-Lasten Hautausmaa.mp4,179
"Kohntarkosz, Pt. 2-Magma.mp4",100
Ease My Mind (feat. Niki and the Dove)-Skrillex.mp4,150
Lassie Come Home-Alphaville.mp4,148
Boys Will Be Bugs-Cavetown.mp4,89
So Far Away-Avenged Sevenfold.mp4,152
Duska-Saban Bajramovic.mp4,125
Esta soy yo-El Sueño de Morfeo.mp4,112
Säännöt rakkaudelle-Anna Puu.mp4,128
In the Meantime-Spacehog.mp4,169
True Faith-New Order.mp4,117
El Escape-Las Armas.mp4,172
Rylynn-Andy McKee.mp4,88
Pra não dizer que não falei das flores-Geraldo Vandre.mp4,114
Todos Los Besos-Los Rebujitos.mp4,125
Islak Islak-Cem Karaca.mp4,110
Matkalla vapaita-Alan Happi.mp4,145
Laiko Masina (Live)-Linas Adomaitis.mp4,132
If We Were Vampires-Jason Isbell and the 400 Unit.mp4,97
Roundabout - 2003 Remaster-Yes.mp4,133
"Andrea Chénier, Act III: ""La mamma morta m'hanno alla porta""-Maria Callas.mp4",84
The Departure-Max Richter.mp4,58
Close To The Sun-TheFatRat.mp4,179
Der Winter - Die Vier Jahreszeiten (Winter - The Four Seasons)-Antonio Vivaldi.mp4,77
Les corons-Pierre Bachelet.mp4,130
Tanguera - Momento de tango (arr. for piano)-Mariano Mores.mp4,114
Lovesongs-Juse Ju.mp4,150
Hysteria-Muse.mp4,186
Shine On You Crazy Diamond (Pts. 1-5)-Pink Floyd.mp4,91
Dragonfly-Caligula's Horse.mp4,123
"Don't Think Twice, It's All Right-Bob Dylan.mp4",108
"Konzert für Flöte, Harfe und Orchester, c-Dur, Andantino-Wolfgang Amadeus Mozart.mp4",101
Loneliness (Winter)-Wintersun.mp4,100
Play Date-Melanie Martinez.mp4,124
Thunder Road-Bruce Springsteen.mp4,144
Suspirium-Thom Yorke.mp4,151
This Must Be The Place-Burning Down The House.mp4,108
Brazil-Declan McKenna.mp4,121
Spicy (feat. Ginger) - Edit-Boris Brejcha.mp4,125
Ascent-Teminite.mp4,110
Mammagamma - Instrumental-The Alan Parsons Project.mp4,104
Are You There? - Remastered-Anathema.mp4,98
Vėl Paliks Pasaulį Šiluma-Andrius Mamontovas.mp4,110
The Sound of Silence - Acoustic Version-Simon & Garfunkel.mp4,109
Safe-Golden Parazyth.mp4,90
Carnival of Rust-Poets of the Fall.mp4,91
Hand Of Man-Django Django.mp4,112
Tin Pan Valley-Robert Plant.mp4,88
Tu Nombre Sobre Mi Nombre - En Vivo-Luis Alberto Spinetta.mp4,92
Highway to Hell-ACDC.mp4,117
It Feels Like Something-David Fonseca.mp4,125
"Nameless, Faceless-Courtney Barnett.mp4",122
The Promised Land-Bruce Springsteen.mp4,114
Shine On Your Crazy Diamond-Pink Floyd Redux.mp4,139
Higher Love - 2006 Remaster-Depeche Mode.mp4,99
Human Sadness-The Voidz.mp4,126
Nocturno (Re bemol Mayor Op. 27 No. 2) - Remasterizado-Frédéric Chopin.mp4,118
Help-Hurts.mp4,105
Undo-Sanna Nielsen.mp4,122
Quadros de uma Exposição: IV. Bydlo-Modest Mussorgsky.mp4,108
No llores por mí argentina-Paloma San Basilio.mp4,81
"Лунная соната op, 27 №2 До диез минор Allegretto trio-Бетховен Людвиг ван.mp4",170
Box of Rain - 2013 Remaster-Grateful Dead.mp4,118
Beautiful Dreamer-Stephen Foster.mp4,84
